,level_2,level_3,level_4,level_5,[LOGGING],RD81DL96_1,2,3,4
1,2.0,1.0,2.0,2.0,3889.0,16434.0,29235.0,9524.0,22837.0
2,13.0,1.0,2.0,12.0,21370.0,19835.0,18556.0,17533.0,16766.0
3,12.0,1.0,2.0,13.0,26819.0,11204.0,28613.0,13510.0,31431.0
4,17.0,1.0,2.0,18.0,8711.0,10504.0,12553.0,14858.0,17419.0
5,16.0,1.0,2.0,16.0,27728.0,15441.0,3410.0,24403.0,12884.0
6,18.0,1.0,2.0,17.0,6548.0,11669.0,17046.0,22679.0,28568.0
7,13.0,1.0,2.0,13.0,6365.0,30174.0,21471.0,13024.0,4833.0
8,18.0,1.0,2.0,18.0,12587.0,23596.0,2093.0,13614.0,25391.0
9,14.0,1.0,2.0,15.0,2671.0,31088.0,26993.0,23154.0,19571.0
10,17.0,1.0,2.0,18.0,31928.0,13497.0,28090.0,10171.0,25276.0
11,14.0,1.0,2.0,13.0,16385.0,16642.0,17155.0,17924.0,18949.0
12,20.0,1.0,2.0,19.0,21578.0,7755.0,26956.0,13645.0,590.0
13,15.0,1.0,2.0,15.0,14739.0,19604.0,24725.0,30102.0,2967.0
14,17.0,1.0,2.0,17.0,28636.0,19421.0,10462.0,1759.0,26080.0
15,15.0,1.0,2.0,15.0,19744.0,27937.0,3618.0,12323.0,21284.0
16,17.0,1.0,2.0,18.0,14441.0,8554.0,2923.0,30316.0,25197.0
17,14.0,1.0,2.0,15.0,29874.0,9907.0,22964.0,3509.0,17078.0
18,17.0,1.0,2.0,17.0,10742.0,8183.0,5880.0,3833.0,2042.0
19,13.0,1.0,2.0,13.0,6975.0,23104.0,6721.0,23362.0,7491.0
20,19.0,1.0,2.0,18.0,23944.0,25993.0,28298.0,30859.0,908.0
21,15.0,1.0,2.0,16.0,28881.0,16850.0,5075.0,26324.0,15061.0
22,17.0,1.0,2.0,17.0,21786.0,28443.0,2588.0,9757.0,17182.0
23,14.0,1.0,2.0,14.0,10846.0,2143.0,26464.0,18273.0,10338.0
24,18.0,1.0,2.0,18.0,17319.0,27304.0,4777.0,15274.0,26027.0
25,16.0,1.0,2.0,16.0,11760.0,7665.0,3826.0,243.0,29684.0
26,17.0,1.0,2.0,18.0,26937.0,8762.0,23611.0,5948.0,21309.0
27,14.0,1.0,2.0,13.0,30082.0,30595.0,31364.0,32389.0,902.0
28,19.0,1.0,2.0,19.0,27334.0,12487.0,30664.0,16329.0,2250.0
29,15.0,1.0,2.0,15.0,11279.0,15120.0,19217.0,23570.0,28179.0
30,18.0,1.0,2.0,18.0,5459.0,26708.0,15445.0,4438.0,26455.0
31,13.0,1.0,2.0,13.0,8609.0,17058.0,25763.0,1956.0,11173.0
32,18.0,1.0,2.0,18.0,21994.0,16363.0,10988.0,5869.0,1006.0
33,14.0,1.0,2.0,15.0,27438.0,6447.0,18480.0,30769.0,10546.0
34,16.0,1.0,2.0,17.0,21623.0,19320.0,17273.0,15482.0,13947.0
35,15.0,1.0,2.0,15.0,3776.0,20161.0,4034.0,20931.0,5316.0
36,18.0,1.0,2.0,18.0,31748.0,5.0,1286.0,2823.0,4616.0
37,15.0,1.0,2.0,15.0,27469.0,14414.0,1615.0,21840.0,9553.0
38,17.0,1.0,2.0,17.0,11158.0,16791.0,22680.0,28825.0,2458.0
39,13.0,1.0,2.0,13.0,15583.0,7136.0,31713.0,23778.0,16099.0
40,18.0,1.0,2.0,18.0,26147.0,2340.0,11557.0,21030.0,30759.0
41,15.0,1.0,2.0,15.0,11372.0,6253.0,1390.0,29551.0,25200.0
42,17.0,1.0,2.0,17.0,17333.0,30902.0,11959.0,26040.0,7609.0
43,12.0,1.0,2.0,13.0,11262.0,10751.0,10496.0,10497.0,10754.0
44,17.0,1.0,2.0,18.0,25927.0,11336.0,29769.0,15690.0,1867.0
45,16.0,1.0,2.0,16.0,11915.0,14732.0,17805.0,21134.0,24719.0
46,17.0,1.0,2.0,17.0,7380.0,28885.0,17878.0,7127.0,29400.0
47,11.0,1.0,2.0,13.0,23581.0,31006.0,5919.0,13856.0,22049.0
48,18.0,1.0,2.0,18.0,27750.0,21095.0,14696.0,8553.0,2666.0
49,14.0,1.0,2.0,15.0,29098.0,7083.0,18092.0,29357.0,8110.0
50,18.0,1.0,2.0,17.0,14067.0,10740.0,7669.0,4854.0,2295.0
51,13.0,1.0,2.0,13.0,19772.0,2365.0,17982.0,1087.0,17216.0
52,18.0,1.0,2.0,18.0,13445.0,14726.0,16263.0,18056.0,20105.0
53,15.0,1.0,2.0,15.0,30153.0,16074.0,2251.0,21452.0,8141.0
54,17.0,1.0,1.0,16.0,4626.0,9235.0,14100.0,19221.0,24598.0
55,14.0,1.0,2.0,14.0,32603.0,23132.0,13917.0,4958.0,29023.0
56,18.0,1.0,2.0,18.0,15780.0,24997.0,1702.0,11431.0,21416.0
57,14.0,1.0,2.0,15.0,19693.0,14830.0,10223.0,5872.0,1777.0
58,17.0,1.0,2.0,17.0,11574.0,25399.0,6712.0,21049.0,2874.0
59,14.0,1.0,2.0,14.0,24191.0,23936.0,23937.0,24194.0,24707.0
60,19.0,1.0,2.0,19.0,1987.0,19140.0,3781.0,21446.0,6599.0
61,15.0,1.0,2.0,15.0,28172.0,31245.0,1806.0,5391.0,9232.0
62,16.0,1.0,2.0,17.0,9557.0,31318.0,20567.0,10072.0,32601.0
63,12.0,1.0,2.0,14.0,11678.0,19359.0,27296.0,2721.0,11170.0
64,16.0,1.0,2.0,17.0,4834.0,29923.0,22500.0,15333.0,8422.0
65,15.0,1.0,2.0,16.0,20523.0,31532.0,10029.0,21550.0,559.0
66,17.0,1.0,2.0,17.0,24180.0,21109.0,18294.0,15735.0,13432.0
67,11.0,1.0,2.0,13.0,15805.0,31422.0,14527.0,30656.0,14273.0
68,19.0,1.0,2.0,18.0,28166.0,29703.0,31496.0,777.0,3082.0
69,15.0,1.0,2.0,14.0,29514.0,15691.0,2124.0,21581.0,8526.0
70,17.0,1.0,2.0,17.0,22675.0,27540.0,32661.0,5270.0,10903.0
71,14.0,1.0,2.0,14.0,3804.0,27357.0,18398.0,9695.0,1248.0
72,17.0,1.0,2.0,19.0,27680.0,3105.0,11554.0,20259.0,29220.0
73,15.0,1.0,2.0,15.0,22377.0,16490.0,10859.0,5484.0,365.0
74,16.0,1.0,2.0,16.0,5042.0,17843.0,30900.0,11445.0,25014.0
75,13.0,1.0,2.0,15.0,18678.0,16119.0,13816.0,11769.0,9978.0
76,18.0,1.0,2.0,19.0,14911.0,31040.0,14657.0,31298.0,15427.0
77,16.0,1.0,2.0,15.0,31880.0,1161.0,3466.0,6027.0,8844.0
78,17.0,1.0,2.0,17.0,4049.0,24786.0,13011.0,1492.0,22997.0
79,12.0,1.0,2.0,14.0,29722.0,3611.0,10524.0,17693.0,25118.0
80,17.0,1.0,2.0,18.0,10595.0,3172.0,28773.0,21862.0,15207.0
81,15.0,1.0,2.0,15.0,25255.0,2472.0,12713.0,23210.0,1195.0
82,17.0,1.0,2.0,17.0,19696.0,15601.0,11762.0,8179.0,4852.0
83,13.0,1.0,2.0,13.0,31284.0,11829.0,25398.0,6455.0,20536.0
84,17.0,1.0,2.0,17.0,6525.0,5758.0,5247.0,4992.0,4993.0
85,15.0,1.0,2.0,16.0,2502.0,20423.0,5832.0,24265.0,10186.0
86,18.0,1.0,2.0,17.0,19215.0,23056.0,27153.0,31506.0,3347.0
87,13.0,1.0,2.0,13.0,13395.0,1876.0,23381.0,12374.0,1623.0
88,18.0,1.0,2.0,18.0,10908.0,18077.0,25502.0,415.0,8352.0
89,13.0,1.0,2.0,14.0,2016.0,26593.0,18658.0,10979.0,3556.0
90,18.0,1.0,2.0,18.0,2606.0,14383.0,26416.0,5937.0,18482.0
91,13.0,1.0,2.0,14.0,29559.0,27256.0,25209.0,23418.0,21883.0
92,19.0,1.0,2.0,18.0,31931.0,14268.0,29629.0,12478.0,28351.0
93,15.0,1.0,2.0,15.0,6916.0,7941.0,9222.0,10759.0,12552.0
94,17.0,1.0,2.0,17.0,6216.0,24649.0,10570.0,29515.0,15948.0
95,15.0,1.0,2.0,15.0,27537.0,31890.0,3731.0,8596.0,13717.0
96,18.0,1.0,2.0,18.0,4058.0,27099.0,17628.0,8413.0,32222.0
97,14.0,1.0,2.0,15.0,1315.0,10276.0,19493.0,28966.0,5927.0
98,17.0,1.0,2.0,17.0,19308.0,14189.0,9326.0,4719.0,368.0
99,13.0,1.0,2.0,14.0,25269.0,6070.0,19895.0,1208.0,15545.0
100,18.0,1.0,2.0,18.0,25593.0,23802.0,22267.0,20988.0,19965.0
101,15.0,1.0,2.0,15.0,12354.0,29251.0,13636.0,31045.0,15942.0
102,15.0,1.0,2.0,15.0,19851.0,22668.0,25741.0,29070.0,32655.0
103,15.0,1.0,2.0,14.0,15316.0,4053.0,25814.0,15063.0,4568.0
104,16.0,1.0,2.0,15.0,31517.0,6174.0,13855.0,21792.0,29985.0
105,12.0,1.0,2.0,13.0,2918.0,29031.0,22632.0,16489.0,10602.0
106,14.0,1.0,2.0,14.0,27823.0,7088.0,19377.0,31922.0,11955.0
107,13.0,1.0,2.0,13.0,22003.0,18676.0,15605.0,12790.0,10231.0
108,15.0,1.0,2.0,15.0,27708.0,10301.0,25918.0,9023.0,25152.0
109,15.0,1.0,2.0,15.0,21381.0,22662.0,24199.0,25992.0,28041.0
110,14.0,1.0,2.0,14.0,5321.0,24010.0,10187.0,29388.0,16077.0
111,13.0,1.0,2.0,13.0,12562.0,17171.0,22036.0,27157.0,32534.0
112,14.0,1.0,2.0,14.0,26198.0,15447.0,4952.0,27481.0,17498.0
113,14.0,1.0,2.0,13.0,14239.0,22176.0,30369.0,6050.0,14755.0
114,15.0,1.0,2.0,15.0,23016.0,16873.0,10986.0,5355.0,32748.0
115,13.0,1.0,2.0,12.0,26412.0,4909.0,16430.0,28207.0,7472.0
116,15.0,1.0,2.0,15.0,15989.0,13174.0,10615.0,8312.0,6265.0
117,13.0,1.0,2.0,13.0,26302.0,9407.0,25536.0,9153.0,25794.0
118,16.0,1.0,2.0,15.0,19458.0,19971.0,20740.0,21765.0,23046.0
119,15.0,1.0,2.0,15.0,10571.0,29772.0,16461.0,3406.0,23375.0
120,14.0,1.0,2.0,14.0,22420.0,27541.0,150.0,5783.0,11672.0
121,13.0,1.0,2.0,13.0,5336.0,27865.0,17882.0,8155.0,31452.0
122,14.0,1.0,2.0,14.0,30753.0,6434.0,15139.0,24100.0,549.0
123,13.0,1.0,2.0,13.0,10597.0,3686.0,29799.0,23400.0,17257.0
124,15.0,1.0,2.0,15.0,16814.0,28591.0,7856.0,20145.0,32690.0
125,13.0,1.0,2.0,12.0,10999.0,8696.0,6649.0,4858.0,3323.0
126,15.0,1.0,2.0,14.0,25920.0,9537.0,26178.0,10307.0,27460.0
127,13.0,1.0,2.0,14.0,28809.0,31114.0,907.0,3724.0,6797.0
128,15.0,1.0,2.0,15.0,19666.0,7891.0,29140.0,17877.0,6870.0
129,14.0,1.0,2.0,15.0,534.0,6167.0,12056.0,18201.0,24602.0
130,14.0,1.0,2.0,14.0,4959.0,29280.0,21089.0,13154.0,5475.0
131,13.0,1.0,2.0,13.0,30120.0,7593.0,18090.0,28843.0,7084.0
132,14.0,1.0,2.0,14.0,10481.0,6642.0,3059.0,32500.0,29429.0
133,14.0,1.0,2.0,14.0,6709.0,20278.0,1335.0,15416.0,29753.0
134,15.0,1.0,2.0,16.0,638.0,127.0,32640.0,32641.0,130.0
135,12.0,1.0,2.0,12.0,15303.0,712.0,19145.0,5066.0,24011.0
136,14.0,1.0,2.0,14.0,17936.0,22033.0,26386.0,30995.0,3092.0
137,14.0,1.0,2.0,13.0,8537.0,31322.0,21595.0,12124.0,2909.0
138,15.0,1.0,2.0,15.0,19874.0,28579.0,4772.0,13989.0,23462.0
139,15.0,1.0,2.0,14.0,17126.0,10471.0,4072.0,30697.0,24810.0
140,15.0,1.0,2.0,14.0,9263.0,21296.0,817.0,13362.0,26163.0
141,14.0,1.0,2.0,13.0,22136.0,20089.0,18298.0,16763.0,15484.0
142,14.0,1.0,2.0,14.0,9148.0,24509.0,7358.0,23231.0,6592.0
143,13.0,1.0,2.0,13.0,2821.0,4102.0,5639.0,7432.0,9481.0
144,15.0,1.0,2.0,15.0,17230.0,4431.0,24656.0,12369.0,338.0
145,13.0,1.0,2.0,12.0,26770.0,31379.0,3476.0,8597.0,13974.0
146,14.0,1.0,2.0,14.0,21979.0,12508.0,3293.0,27102.0,18399.0
147,14.0,1.0,2.0,14.0,5156.0,14373.0,23846.0,807.0,10792.0
148,15.0,1.0,2.0,16.0,9069.0,4206.0,32367.0,28016.0,23921.0
149,14.0,1.0,2.0,15.0,950.0,14775.0,28856.0,10425.0,25018.0
150,14.0,1.0,2.0,14.0,13567.0,13312.0,13313.0,13570.0,14083.0
151,12.0,1.0,2.0,13.0,24131.0,8516.0,25925.0,10822.0,28743.0
152,14.0,1.0,2.0,14.0,17548.0,20621.0,23950.0,27535.0,31376.0
153,13.0,1.0,2.0,14.0,31701.0,20694.0,9943.0,32216.0,21977.0
154,15.0,1.0,2.0,15.0,32025.0,5658.0,12315.0,19228.0,26397.0
155,12.0,1.0,2.0,13.0,26978.0,19299.0,11876.0,4709.0,30566.0
156,15.0,1.0,2.0,14.0,9899.0,20908.0,32173.0,10926.0,22703.0
157,13.0,1.0,2.0,13.0,13556.0,10485.0,7670.0,5111.0,2808.0
158,16.0,1.0,2.0,16.0,5181.0,20798.0,3903.0,20032.0,3649.0
159,14.0,1.0,2.0,15.0,13697.0,13954.0,14467.0,15236.0,16261.0
160,14.0,1.0,2.0,14.0,17871.0,5328.0,25809.0,13778.0,2003.0
161,12.0,1.0,2.0,13.0,12051.0,16916.0,22037.0,27414.0,279.0
162,14.0,1.0,2.0,14.0,25948.0,16733.0,7774.0,31839.0,23392.0
163,14.0,1.0,2.0,13.0,27813.0,4518.0,14247.0,24232.0,1705.0
164,15.0,1.0,2.0,15.0,11753.0,5866.0,235.0,27628.0,22509.0
165,12.0,1.0,2.0,12.0,27186.0,7219.0,20276.0,821.0,14390.0
166,13.0,1.0,2.0,14.0,30587.0,29308.0,28285.0,27518.0,27007.0
167,14.0,1.0,2.0,14.0,4287.0,20416.0,4033.0,20674.0,4803.0
168,15.0,1.0,2.0,15.0,21256.0,23305.0,25610.0,28171.0,30988.0
169,14.0,1.0,2.0,15.0,26193.0,14162.0,2387.0,23636.0,12373.0
170,14.0,1.0,2.0,14.0,19098.0,25755.0,32668.0,7069.0,14494.0
171,13.0,1.0,2.0,13.0,32739.0,25316.0,18149.0,11238.0,4583.0
172,14.0,1.0,2.0,14.0,14631.0,24616.0,2089.0,12586.0,23339.0
173,14.0,1.0,2.0,14.0,9072.0,4977.0,1138.0,30323.0,26996.0
174,16.0,1.0,2.0,15.0,24249.0,6074.0,20923.0,3260.0,18621.0
175,13.0,1.0,2.0,13.0,27394.0,27907.0,28676.0,29701.0,30982.0
176,13.0,1.0,2.0,14.0,24646.0,9799.0,27976.0,13641.0,32330.0
177,13.0,1.0,2.0,13.0,8591.0,12432.0,16529.0,20882.0,25491.0
178,15.0,1.0,2.0,15.0,13272.0,3033.0,25818.0,16091.0,6620.0
179,14.0,1.0,2.0,14.0,5921.0,14370.0,23075.0,32036.0,8485.0
180,14.0,1.0,2.0,14.0,18533.0,11622.0,4967.0,31336.0,25193.0
181,13.0,1.0,2.0,14.0,24750.0,3759.0,15792.0,28081.0,7858.0
182,14.0,1.0,2.0,15.0,18935.0,16632.0,14585.0,12794.0,11259.0
183,14.0,1.0,2.0,13.0,1088.0,17473.0,1346.0,18243.0,2628.0
184,14.0,1.0,2.0,15.0,3977.0,6282.0,8843.0,11660.0,14733.0
185,12.0,1.0,2.0,13.0,24781.0,11726.0,31695.0,19152.0,6865.0
186,13.0,1.0,2.0,14.0,8470.0,14103.0,19992.0,26137.0,32538.0
187,13.0,1.0,2.0,13.0,26202.0,16475.0,7004.0,30557.0,21598.0
188,15.0,1.0,2.0,16.0,23459.0,32420.0,8869.0,18342.0,28071.0
189,15.0,1.0,2.0,15.0,8684.0,3565.0,31470.0,26863.0,22512.0
190,14.0,1.0,2.0,14.0,14645.0,28214.0,9271.0,23352.0,4921.0
191,12.0,1.0,2.0,13.0,14969.0,13178.0,11643.0,10364.0,9341.0
192,14.0,1.0,2.0,14.0,1730.0,18627.0,3012.0,20421.0,5318.0
193,13.0,1.0,2.0,14.0,9227.0,12044.0,15117.0,18446.0,22031.0
194,14.0,1.0,2.0,15.0,4692.0,26197.0,15190.0,4439.0,26712.0
195,11.0,1.0,2.0,12.0,20893.0,28318.0,3231.0,11168.0,19361.0
196,13.0,1.0,2.0,14.0,25062.0,18407.0,12008.0,5865.0,32746.0
197,13.0,1.0,2.0,13.0,26410.0,4395.0,15404.0,26669.0,5422.0
198,15.0,1.0,2.0,15.0,11379.0,8052.0,4981.0,2166.0,32375.0
199,14.0,1.0,2.0,15.0,17084.0,32445.0,15294.0,31167.0,14528.0
200,13.0,1.0,2.0,14.0,10757.0,12038.0,13575.0,15368.0,17417.0
201,13.0,1.0,2.0,13.0,27465.0,13386.0,32331.0,18764.0,5453.0
202,12.0,1.0,2.0,15.0,1938.0,6547.0,11412.0,16533.0,21910.0
203,21.0,1.0,2.0,19.0,29915.0,20444.0,11229.0,2270.0,26335.0
204,8.0,1.0,2.0,8.0,3615.0,11552.0,19745.0,28194.0,4131.0
205,8.0,1.0,2.0,7.0,12392.0,6249.0,362.0,27499.0,22124.0
206,9.0,1.0,2.0,7.0,9137.0,21682.0,1715.0,14772.0,28085.0
207,9.0,1.0,2.0,8.0,26618.0,25083.0,23804.0,22781.0,22014.0
208,8.0,1.0,2.0,7.0,32067.0,16452.0,1093.0,18758.0,3911.0
209,10.0,1.0,2.0,7.0,25484.0,28557.0,31886.0,2703.0,6544.0
210,10.0,1.0,2.0,7.0,6869.0,28630.0,17879.0,7384.0,29913.0
211,9.0,1.0,2.0,7.0,7193.0,13594.0,20251.0,27164.0,1565.0
212,10.0,1.0,2.0,8.0,2146.0,27235.0,19812.0,12645.0,5734.0
213,8.0,1.0,2.0,7.0,17835.0,28844.0,7341.0,18862.0,30639.0
214,9.0,1.0,2.0,7.0,21492.0,18421.0,15606.0,13047.0,10744.0
215,8.0,1.0,2.0,7.0,13117.0,28734.0,11839.0,27968.0,11585.0
216,9.0,1.0,2.0,7.0,21633.0,21890.0,22403.0,23172.0,24197.0
217,11.0,1.0,2.0,8.0,26826.0,13003.0,32204.0,18893.0,5838.0
218,9.0,1.0,2.0,7.0,19987.0,24852.0,29973.0,2582.0,8215.0
219,7.0,1.0,2.0,8.0,1116.0,24669.0,15710.0,7007.0,31328.0
220,8.0,1.0,2.0,7.0,2981.0,12454.0,22183.0,32168.0,9641.0
221,9.0,1.0,2.0,7.0,25582.0,20975.0,16624.0,12529.0,8690.0
222,9.0,1.0,2.0,8.0,2354.0,15155.0,28212.0,8757.0,22326.0
223,8.0,1.0,2.0,6.0,5755.0,4476.0,3453.0,2686.0,2175.0
224,9.0,1.0,2.0,7.0,29892.0,14533.0,32198.0,17351.0,2760.0
225,9.0,1.0,2.0,7.0,29192.0,31241.0,778.0,3339.0,6156.0
226,8.0,1.0,2.0,7.0,1361.0,22098.0,10323.0,31572.0,20309.0
227,9.0,1.0,2.0,9.0,27034.0,923.0,7836.0,15005.0,22430.0
228,8.0,1.0,2.0,7.0,7907.0,484.0,26085.0,19174.0,12519.0
229,10.0,1.0,2.0,7.0,22567.0,32552.0,10025.0,20522.0,31275.0
230,7.0,1.0,2.0,7.0,17008.0,12913.0,9074.0,5491.0,2164.0
231,8.0,1.0,2.0,7.0,32185.0,14010.0,28859.0,11196.0,26557.0
232,9.0,1.0,2.0,8.0,2562.0,3075.0,3844.0,4869.0,6150.0
233,9.0,1.0,2.0,6.0,32582.0,17735.0,3144.0,21577.0,7498.0
234,9.0,1.0,2.0,7.0,16527.0,20368.0,24465.0,28818.0,659.0
235,8.0,1.0,2.0,7.0,21208.0,10969.0,986.0,24027.0,14556.0
236,8.0,1.0,2.0,7.0,13857.0,22306.0,31011.0,7204.0,16421.0
237,9.0,1.0,2.0,8.0,26469.0,19558.0,12903.0,6504.0,361.0
238,8.0,1.0,2.0,6.0,32686.0,11695.0,23728.0,3249.0,15794.0
239,9.0,1.0,2.0,7.0,26871.0,24568.0,22521.0,20730.0,19195.0
240,9.0,1.0,2.0,7.0,9024.0,25409.0,9282.0,26179.0,10564.0
241,10.0,1.0,2.0,7.0,11913.0,14218.0,16779.0,19596.0,22669.0
242,11.0,1.0,2.0,8.0,2770.0,23763.0,12244.0,981.0,22742.0
243,9.0,1.0,2.0,7.0,14363.0,21276.0,28445.0,3102.0,10783.0
244,9.0,1.0,2.0,7.0,20831.0,12384.0,4193.0,29026.0,21347.0
245,8.0,1.0,2.0,6.0,13224.0,23465.0,1194.0,11947.0,22956.0
246,9.0,1.0,2.0,7.0,16620.0,11501.0,6638.0,2031.0,30448.0
247,10.0,1.0,2.0,8.0,22581.0,3382.0,17207.0,31288.0,12857.0
248,9.0,1.0,2.0,6.0,16510.0,15999.0,15744.0,15745.0,16002.0
249,9.0,1.0,2.0,7.0,9666.0,26563.0,10948.0,28357.0,13254.0
250,10.0,1.0,2.0,7.0,17163.0,19980.0,23053.0,26382.0,29967.0
251,8.0,1.0,2.0,8.0,12628.0,1365.0,23126.0,12375.0,1880.0
252,9.0,1.0,2.0,9.0,28312.0,1689.0,8090.0,14747.0,21660.0
253,8.0,1.0,2.0,7.0,4577.0,29410.0,21731.0,14308.0,7141.0
254,9.0,1.0,2.0,7.0,1578.0,12331.0,23340.0,1837.0,13358.0
255,8.0,1.0,2.0,6.0,19315.0,15988.0,12917.0,10102.0,7543.0
256,8.0,1.0,2.0,7.0,17591.0,31672.0,13241.0,27834.0,9915.0
257,9.0,1.0,2.0,8.0,16128.0,16129.0,16386.0,16899.0,17668.0
258,9.0,1.0,2.0,7.0,2633.0,21322.0,7499.0,26700.0,13389.0
259,8.0,1.0,2.0,8.0,9874.0,14483.0,19348.0,24469.0,29846.0
260,8.0,1.0,2.0,7.0,5083.0,28380.0,19165.0,10206.0,1503.0
261,9.0,1.0,2.0,7.0,11551.0,19488.0,27681.0,3362.0,12067.0
262,9.0,1.0,2.0,8.0,20328.0,14185.0,8298.0,2667.0,30060.0
263,8.0,1.0,2.0,6.0,17073.0,29618.0,9651.0,22708.0,3253.0
264,8.0,1.0,2.0,7.0,13301.0,10486.0,7927.0,5624.0,3577.0
265,9.0,1.0,2.0,7.0,23614.0,6719.0,22848.0,6465.0,23106.0
266,10.0,1.0,2.0,7.0,21895.0,23688.0,25737.0,28042.0,30603.0
267,9.0,1.0,2.0,9.0,8144.0,28625.0,16594.0,4819.0,26068.0
268,7.0,1.0,2.0,7.0,19732.0,24853.0,30230.0,3095.0,8984.0
269,9.0,1.0,2.0,7.0,19549.0,10590.0,1887.0,26208.0,18017.0
270,8.0,1.0,2.0,7.0,7334.0,17063.0,27048.0,4521.0,15018.0
271,8.0,1.0,2.0,7.0,15855.0,11504.0,7409.0,3570.0,32755.0
272,10.0,1.0,2.0,8.0,10035.0,23092.0,3637.0,17206.0,31031.0
273,8.0,1.0,2.0,6.0,32124.0,31101.0,30334.0,29823.0,29568.0
274,9.0,1.0,2.0,7.0,9413.0,27078.0,12231.0,30408.0,16073.0
275,8.0,1.0,2.0,7.0,7438.0,11023.0,14864.0,18961.0,23314.0
276,8.0,1.0,2.0,7.0,26199.0,15704.0,5465.0,28250.0,18523.0
277,8.0,1.0,2.0,8.0,160.0,8353.0,16802.0,25507.0,1700.0
278,6.0,1.0,2.0,7.0,27625.0,21738.0,16107.0,10732.0,5613.0
279,9.0,1.0,2.0,7.0,15661.0,27182.0,6191.0,18224.0,30513.0
280,8.0,1.0,2.0,7.0,23926.0,21367.0,19064.0,17017.0,15226.0
281,8.0,1.0,2.0,7.0,20159.0,3520.0,19905.0,3778.0,20675.0
282,10.0,1.0,2.0,8.0,30723.0,31492.0,32517.0,1030.0,2567.0
283,9.0,1.0,2.0,7.0,7756.0,27213.0,14158.0,1359.0,21584.0
284,8.0,1.0,2.0,7.0,5525.0,10902.0,16535.0,22424.0,28569.0
285,8.0,1.0,2.0,6.0,5849.0,28634.0,18907.0,9436.0,221.0
286,8.0,1.0,2.0,7.0,17186.0,25891.0,2084.0,11301.0,20774.0
287,9.0,1.0,2.0,8.0,16491.0,11116.0,5997.0,1134.0,29295.0
288,8.0,1.0,2.0,6.0,3764.0,17077.0,30646.0,11703.0,25784.0
289,8.0,1.0,2.0,7.0,11773.0,11006.0,10495.0,10240.0,10241.0
290,9.0,1.0,2.0,7.0,7750.0,25671.0,11080.0,29513.0,15434.0
291,9.0,1.0,2.0,7.0,9098.0,11659.0,14476.0,17549.0,20878.0
292,9.0,1.0,2.0,8.0,18643.0,7124.0,28629.0,17622.0,6871.0
293,8.0,1.0,2.0,7.0,16156.0,23325.0,30750.0,5663.0,13600.0
294,9.0,1.0,2.0,7.0,1637.0,27494.0,20839.0,14440.0,8297.0
295,9.0,1.0,2.0,6.0,18345.0,28842.0,6827.0,17836.0,29101.0
296,9.0,1.0,2.0,7.0,17394.0,13811.0,10484.0,7413.0,4598.0
297,10.0,1.0,2.0,8.0,4411.0,19516.0,2109.0,17726.0,831.0
298,9.0,1.0,2.0,7.0,10879.0,10624.0,10625.0,10882.0,11395.0
299,9.0,1.0,2.0,8.0,11464.0,29897.0,15818.0,1995.0,21196.0
300,7.0,1.0,2.0,7.0,17.0,4370.0,8979.0,13844.0,18965.0
301,9.0,1.0,2.0,7.0,9306.0,32347.0,22876.0,13661.0,4702.0
302,10.0,1.0,2.0,8.0,6563.0,15524.0,24741.0,1446.0,11175.0
303,20.0,1.0,2.0,23.0,24556.0,19437.0,14574.0,9967.0,5616.0
304,-1.0,1.0,2.0,4.0,32048.0,11569.0,24114.0,4147.0,17204.0
305,-15.0,1.0,2.0,-9.0,30841.0,29050.0,27515.0,26236.0,25213.0
306,-15.0,1.0,2.0,-9.0,17602.0,1731.0,18884.0,3525.0,21190.0
307,-21.0,1.0,2.0,-12.0,14854.0,16391.0,18184.0,20233.0,22538.0
308,-16.0,1.0,2.0,-12.0,15183.0,2640.0,23121.0,11090.0,32083.0
309,-15.0,1.0,2.0,-12.0,3480.0,9625.0,16026.0,22683.0,29596.0
310,-16.0,1.0,2.0,-13.0,23260.0,14045.0,5086.0,29151.0,20704.0
311,-17.0,1.0,2.0,-14.0,25125.0,1830.0,11559.0,21544.0,31785.0
312,-16.0,1.0,2.0,-14.0,27251.0,23924.0,20853.0,18038.0,15479.0
313,-17.0,1.0,2.0,-14.0,25527.0,6840.0,21177.0,3002.0,17851.0
314,-20.0,1.0,2.0,-16.0,24064.0,24065.0,24322.0,24835.0,25604.0
315,-21.0,1.0,2.0,-16.0,19268.0,3909.0,21574.0,6727.0,24904.0
316,-15.0,1.0,2.0,-12.0,31373.0,1934.0,5519.0,9360.0,13457.0
317,-15.0,1.0,2.0,-13.0,23505.0,11474.0,32467.0,20948.0,9685.0
318,-15.0,1.0,2.0,-13.0,16410.0,23067.0,29980.0,4381.0,11806.0
319,-16.0,1.0,2.0,-14.0,30051.0,22628.0,15461.0,8550.0,1895.0
320,-17.0,1.0,2.0,-15.0,11943.0,21928.0,32169.0,9898.0,20651.0
321,-17.0,1.0,2.0,-14.0,6384.0,2289.0,31218.0,27635.0,24308.0
322,-20.0,1.0,2.0,-15.0,21561.0,3386.0,18235.0,572.0,15933.0
323,-15.0,1.0,2.0,-12.0,24706.0,25219.0,25988.0,27013.0,28294.0
324,-14.0,1.0,2.0,-12.0,15819.0,2252.0,21709.0,8654.0,28623.0
325,-16.0,1.0,2.0,-13.0,5903.0,9744.0,13841.0,18194.0,22803.0
326,-16.0,1.0,2.0,-13.0,10584.0,345.0,23130.0,13403.0,3932.0
327,-17.0,1.0,2.0,-14.0,30364.0,4765.0,12190.0,19871.0,27808.0
328,-17.0,1.0,2.0,-14.0,15845.0,8934.0,2279.0,28648.0,22505.0
329,-18.0,1.0,2.0,-15.0,22062.0,1071.0,13104.0,25393.0,5170.0
330,-19.0,1.0,2.0,-16.0,16247.0,13944.0,11897.0,10106.0,8571.0
331,-14.0,1.0,2.0,-12.0,31168.0,14785.0,31426.0,15555.0,32708.0
332,-15.0,1.0,2.0,-12.0,26372.0,27397.0,28678.0,30215.0,32008.0
333,-16.0,1.0,2.0,-13.0,22093.0,9038.0,29007.0,16464.0,4177.0
334,-16.0,1.0,2.0,-13.0,5782.0,11415.0,17304.0,23449.0,29850.0
335,-17.0,1.0,2.0,-14.0,10207.0,1760.0,26337.0,18402.0,10723.0
336,-17.0,1.0,2.0,-14.0,2600.0,12841.0,23338.0,1323.0,12332.0
337,-17.0,1.0,2.0,-15.0,15729.0,11890.0,8307.0,4980.0,1909.0
338,-16.0,1.0,2.0,-15.0,11957.0,25526.0,6583.0,20664.0,2233.0
339,-14.0,1.0,2.0,-11.0,5886.0,5375.0,5120.0,5121.0,5378.0
340,-15.0,1.0,2.0,-12.0,20551.0,5960.0,24393.0,10314.0,29259.0
341,-15.0,1.0,2.0,-12.0,23184.0,27281.0,31634.0,3475.0,8340.0
342,-16.0,1.0,2.0,-13.0,13785.0,3802.0,26843.0,17372.0,8157.0
343,-16.0,1.0,2.0,-14.0,18205.0,25630.0,543.0,8480.0,16673.0
344,-18.0,1.0,2.0,-15.0,22374.0,15719.0,9320.0,3177.0,30058.0
345,-17.0,1.0,2.0,-15.0,23722.0,1707.0,12716.0,23981.0,2734.0
346,-20.0,1.0,2.0,-15.0,27384.0,25337.0,23546.0,22011.0,20732.0
347,-14.0,1.0,2.0,-12.0,14396.0,29757.0,12606.0,28479.0,11840.0
348,-14.0,1.0,2.0,-12.0,8069.0,9350.0,10887.0,12680.0,14729.0
349,-15.0,1.0,2.0,-12.0,24777.0,10698.0,29643.0,16076.0,2765.0
350,-16.0,1.0,2.0,-13.0,32018.0,3859.0,8724.0,13845.0,19222.0
351,-16.0,1.0,2.0,-13.0,27227.0,17756.0,8541.0,32350.0,23647.0
352,-17.0,1.0,2.0,-14.0,10404.0,19621.0,29094.0,6055.0,16040.0
353,-18.0,1.0,2.0,-15.0,14317.0,9454.0,4847.0,496.0,29169.0
354,-19.0,1.0,2.0,-16.0,6449.0,18994.0,31795.0,12084.0,25397.0
355,-15.0,1.0,2.0,-12.0,23930.0,22395.0,21116.0,20093.0,19326.0
356,-14.0,1.0,2.0,-12.0,29379.0,13764.0,31173.0,16070.0,1223.0
357,-15.0,1.0,2.0,-13.0,11271.0,13064.0,15113.0,17418.0,19979.0
358,-16.0,1.0,2.0,-13.0,4181.0,25942.0,15191.0,4696.0,27225.0
359,-16.0,1.0,2.0,-14.0,4505.0,10906.0,17563.0,24476.0,31645.0
360,-17.0,1.0,2.0,-15.0,32226.0,24547.0,17124.0,9957.0,3046.0
361,-18.0,1.0,2.0,-14.0,15147.0,26156.0,4653.0,16174.0,27951.0
362,-18.0,1.0,2.0,-15.0,18804.0,15733.0,12918.0,10359.0,8056.0
363,-19.0,1.0,2.0,-16.0,1720.0,16057.0,30650.0,12731.0,27836.0
364,-14.0,1.0,2.0,-11.0,18945.0,19202.0,19715.0,20484.0,21509.0
365,-15.0,1.0,2.0,-13.0,24138.0,10315.0,29516.0,16205.0,3150.0
366,-16.0,1.0,2.0,-13.0,29582.0,399.0,4240.0,8337.0,12690.0
367,-17.0,1.0,2.0,-14.0,15575.0,5080.0,27609.0,17626.0,7899.0
368,-17.0,1.0,2.0,-14.0,17947.0,24860.0,32029.0,6686.0,14367.0
369,-17.0,1.0,2.0,-15.0,17508.0,10341.0,3430.0,29543.0,23144.0
370,-21.0,1.0,2.0,-16.0,5037.0,16558.0,28335.0,7600.0,19889.0
371,-15.0,1.0,2.0,-12.0,13302.0,10743.0,8440.0,6393.0,4602.0
372,-15.0,1.0,2.0,-13.0,9535.0,25664.0,9281.0,25922.0,10051.0
373,-14.0,1.0,2.0,-12.0,20099.0,20868.0,21893.0,23174.0,24711.0
374,-16.0,1.0,2.0,-13.0,29900.0,16589.0,3534.0,23503.0,10960.0
375,-16.0,1.0,2.0,-13.0,27669.0,278.0,5911.0,11800.0,17945.0
376,-16.0,1.0,2.0,-14.0,27993.0,18010.0,8283.0,31580.0,22365.0
377,-18.0,1.0,2.0,-15.0,6562.0,15267.0,24228.0,677.0,10150.0
378,-19.0,1.0,2.0,-16.0,5867.0,492.0,28141.0,23278.0,18671.0
379,-14.0,1.0,2.0,-12.0,25908.0,6453.0,20022.0,1079.0,15160.0
380,-15.0,1.0,2.0,-13.0,1149.0,382.0,32639.0,32384.0,32385.0
381,-15.0,1.0,2.0,-12.0,29894.0,15047.0,456.0,18889.0,4810.0
382,-15.0,1.0,2.0,-13.0,13839.0,17680.0,21777.0,26130.0,30739.0
383,-16.0,1.0,2.0,-14.0,8019.0,29268.0,18005.0,6998.0,29015.0
384,-19.0,1.0,2.0,-15.0,5532.0,12701.0,20126.0,27807.0,2976.0
385,-19.0,1.0,2.0,-15.0,23781.0,16870.0,10215.0,3816.0,30441.0
386,-18.0,1.0,2.0,-15.0,29998.0,9007.0,21040.0,561.0,13106.0
387,-15.0,1.0,2.0,-12.0,24183.0,21880.0,19833.0,18042.0,16507.0
388,-14.0,1.0,2.0,-12.0,26555.0,8892.0,24253.0,7102.0,22975.0
389,-15.0,1.0,2.0,-12.0,1540.0,2565.0,3846.0,5383.0,7176.0
390,-15.0,1.0,2.0,-13.0,30029.0,16974.0,4175.0,24400.0,12113.0
391,-16.0,1.0,2.0,-14.0,13718.0,19351.0,25240.0,31385.0,5018.0
392,-12.0,1.0,2.0,-15.0,18143.0,9696.0,1505.0,26338.0,18659.0
1,3.0,1.0,2.0,2.0,16627.0,13300.0,10229.0,7414.0,4855.0
2,13.0,1.0,2.0,12.0,22332.0,4925.0,20542.0,3647.0,19776.0
3,11.0,1.0,2.0,12.0,24970.0,27531.0,30348.0,653.0,3982.0
4,18.0,1.0,2.0,17.0,30414.0,17615.0,5072.0,25553.0,13522.0
5,14.0,1.0,2.0,16.0,23.0,5912.0,12057.0,18458.0,25115.0
6,17.0,1.0,2.0,17.0,23136.0,14945.0,7010.0,32099.0,24676.0
7,13.0,1.0,2.0,12.0,18340.0,27557.0,4262.0,13991.0,23976.0
8,18.0,1.0,2.0,17.0,22253.0,17390.0,12783.0,8432.0,4337.0
9,14.0,1.0,2.0,13.0,14385.0,26930.0,6963.0,20020.0,565.0
10,18.0,1.0,2.0,17.0,31866.0,30331.0,29052.0,28029.0,27262.0
11,14.0,1.0,2.0,14.0,4547.0,21700.0,6341.0,24006.0,9159.0
12,18.0,1.0,2.0,18.0,19207.0,21000.0,23049.0,25354.0,27915.0
13,14.0,1.0,2.0,15.0,5456.0,25937.0,13906.0,2131.0,23380.0
14,17.0,1.0,2.0,17.0,14238.0,21919.0,29856.0,5281.0,13730.0
15,14.0,1.0,2.0,15.0,7394.0,32483.0,25060.0,17893.0,10982.0
16,18.0,1.0,2.0,18.0,23083.0,1324.0,12589.0,24110.0,3119.0
17,15.0,1.0,2.0,15.0,26740.0,23669.0,20854.0,18295.0,15992.0
18,16.0,1.0,2.0,17.0,18365.0,1214.0,17087.0,448.0,16833.0
19,13.0,1.0,2.0,14.0,26881.0,27138.0,27651.0,28420.0,29445.0
20,18.0,1.0,2.0,18.0,32074.0,18251.0,4684.0,24141.0,11086.0
21,14.0,1.0,2.0,15.0,25235.0,30100.0,2453.0,7830.0,13463.0
22,17.0,1.0,2.0,17.0,6364.0,29917.0,20958.0,12255.0,3808.0
23,13.0,1.0,2.0,13.0,8229.0,17702.0,27431.0,4648.0,14889.0
24,17.0,1.0,2.0,17.0,24937.0,19050.0,13419.0,8044.0,2925.0
25,16.0,1.0,2.0,16.0,7602.0,20403.0,692.0,14005.0,27574.0
26,17.0,1.0,2.0,17.0,7168.0,7169.0,7426.0,7939.0,8708.0
27,13.0,1.0,2.0,13.0,2372.0,19781.0,4678.0,22599.0,8008.0
28,18.0,1.0,2.0,18.0,14477.0,17806.0,21391.0,25232.0,29329.0
29,14.0,1.0,2.0,14.0,14550.0,3799.0,26072.0,15833.0,5850.0
30,18.0,1.0,2.0,18.0,32282.0,6171.0,13084.0,20253.0,27678.0
31,12.0,1.0,2.0,13.0,13155.0,5732.0,31333.0,24422.0,17767.0
32,19.0,1.0,2.0,18.0,14764.0,26029.0,4782.0,16559.0,28592.0
33,15.0,1.0,2.0,16.0,4341.0,1526.0,31735.0,29432.0,27385.0
34,17.0,1.0,2.0,18.0,4665.0,19258.0,1339.0,16444.0,31805.0
35,14.0,1.0,2.0,14.0,7810.0,8323.0,9092.0,10117.0,11398.0
36,17.0,1.0,2.0,18.0,31691.0,18124.0,4813.0,24526.0,11727.0
37,14.0,1.0,2.0,14.0,10772.0,15893.0,21270.0,26903.0,24.0
38,16.0,1.0,2.0,18.0,1122.0,26211.0,18788.0,11621.0,4710.0
39,13.0,1.0,2.0,13.0,31142.0,8103.0,18088.0,28329.0,6058.0
40,17.0,1.0,2.0,18.0,6895.0,2544.0,31217.0,27378.0,23795.0
41,15.0,1.0,2.0,15.0,1075.0,14132.0,27445.0,8246.0,22071.0
42,17.0,1.0,2.0,17.0,23164.0,22141.0,21374.0,20863.0,20608.0
43,13.0,1.0,2.0,14.0,453.0,18118.0,3271.0,21448.0,7113.0
44,18.0,1.0,2.0,17.0,17161.0,19466.0,22027.0,24844.0,27917.0
45,15.0,1.0,2.0,16.0,8018.0,29011.0,17492.0,6229.0,27990.0
46,17.0,1.0,2.0,17.0,19611.0,26524.0,925.0,8350.0,16031.0
47,13.0,1.0,2.0,13.0,19172.0,12005.0,5094.0,31207.0,24808.0
48,17.0,1.0,2.0,17.0,18472.0,28713.0,6442.0,17195.0,28204.0
49,14.0,1.0,2.0,14.0,14966.0,12407.0,10104.0,8057.0,6266.0
50,18.0,1.0,2.0,17.0,32698.0,14779.0,29884.0,12477.0,28094.0
51,14.0,1.0,2.0,13.0,21763.0,22532.0,23557.0,24838.0,26375.0
52,18.0,1.0,2.0,18.0,31564.0,18253.0,5198.0,25167.0,12624.0
53,15.0,1.0,2.0,15.0,6288.0,10385.0,14738.0,19347.0,24212.0
54,17.0,1.0,1.0,17.0,29657.0,19674.0,9947.0,476.0,24029.0
55,13.0,1.0,2.0,14.0,1309.0,8734.0,16415.0,24352.0,32545.0
56,18.0,1.0,2.0,18.0,5478.0,31591.0,25192.0,19049.0,13162.0
57,14.0,1.0,2.0,15.0,6826.0,17579.0,28588.0,7085.0,18606.0
58,18.0,1.0,2.0,17.0,24563.0,21236.0,18165.0,15350.0,12791.0
59,14.0,1.0,2.0,14.0,30268.0,12861.0,28478.0,11583.0,27712.0
60,18.0,1.0,2.0,18.0,21376.0,21377.0,21634.0,22147.0,22916.0
61,14.0,1.0,2.0,15.0,7881.0,26570.0,12747.0,31948.0,18637.0
62,16.0,1.0,2.0,17.0,15122.0,19731.0,24596.0,29717.0,2326.0
63,13.0,1.0,2.0,13.0,10331.0,860.0,24413.0,15454.0,6751.0
64,16.0,1.0,2.0,17.0,16799.0,24736.0,161.0,8610.0,17315.0
65,16.0,1.0,2.0,16.0,25576.0,19433.0,13546.0,7915.0,2540.0
66,18.0,1.0,2.0,17.0,28972.0,7469.0,18990.0,30767.0,10032.0
67,12.0,1.0,2.0,13.0,18549.0,15734.0,13175.0,10872.0,8825.0
68,19.0,1.0,2.0,18.0,18873.0,698.0,15547.0,30652.0,13245.0
69,13.0,1.0,2.0,14.0,22018.0,22531.0,23300.0,24325.0,25606.0
70,18.0,1.0,2.0,18.0,19270.0,4423.0,22600.0,8265.0,26954.0
71,12.0,1.0,2.0,13.0,3215.0,7056.0,11153.0,15506.0,20115.0
72,18.0,1.0,2.0,18.0,7896.0,30425.0,20442.0,10715.0,1244.0
73,15.0,1.0,2.0,15.0,12582.0,22311.0,32296.0,9769.0,20266.0
74,17.0,1.0,2.0,17.0,13930.0,8299.0,2924.0,30573.0,25710.0
75,15.0,1.0,2.0,15.0,15283.0,28340.0,8885.0,22454.0,3511.0
76,18.0,1.0,2.0,18.0,4604.0,3581.0,2814.0,2303.0,2048.0
77,14.0,1.0,2.0,15.0,28480.0,12097.0,28738.0,12867.0,30020.0
78,17.0,1.0,2.0,17.0,31369.0,906.0,3467.0,6284.0,9357.0
79,13.0,1.0,2.0,13.0,22226.0,10451.0,31700.0,20437.0,9430.0
80,17.0,1.0,2.0,18.0,1051.0,7964.0,15133.0,22558.0,30239.0
81,15.0,1.0,2.0,15.0,7519.0,31840.0,23649.0,15714.0,8035.0
82,18.0,1.0,2.0,17.0,32680.0,10153.0,20650.0,31403.0,9644.0
83,13.0,1.0,2.0,14.0,3308.0,30957.0,26094.0,21487.0,17136.0
84,17.0,1.0,2.0,17.0,14138.0,28987.0,11324.0,26685.0,9534.0
85,15.0,1.0,2.0,15.0,3203.0,3972.0,4997.0,6278.0,7815.0
86,17.0,1.0,2.0,17.0,17863.0,3272.0,21705.0,7626.0,26571.0
87,13.0,1.0,2.0,13.0,20496.0,24593.0,28946.0,787.0,5652.0
88,17.0,1.0,2.0,18.0,11097.0,1114.0,24155.0,14684.0,5469.0
89,14.0,1.0,2.0,14.0,22434.0,31139.0,7332.0,16549.0,26022.0
90,17.0,1.0,2.0,18.0,21739.0,16364.0,11245.0,6382.0,1775.0
91,14.0,1.0,2.0,13.0,11823.0,23856.0,3377.0,15922.0,28723.0
92,18.0,1.0,2.0,18.0,24696.0,22649.0,20858.0,19323.0,18044.0
93,15.0,1.0,2.0,15.0,25537.0,9410.0,26307.0,10692.0,28101.0
94,16.0,1.0,2.0,17.0,5381.0,6662.0,8199.0,9992.0,12041.0
95,15.0,1.0,2.0,14.0,19790.0,6991.0,27216.0,14929.0,2898.0
96,18.0,1.0,2.0,17.0,21404.0,28573.0,3230.0,10911.0,18848.0
97,15.0,1.0,2.0,15.0,12512.0,4321.0,29154.0,21475.0,14052.0
98,18.0,1.0,2.0,17.0,23593.0,1322.0,12075.0,23084.0,1581.0
99,12.0,1.0,2.0,14.0,22642.0,19059.0,15732.0,12661.0,9846.0
100,19.0,1.0,2.0,18.0,3510.0,17335.0,31416.0,12985.0,27578.0
101,15.0,1.0,2.0,15.0,16127.0,15872.0,15873.0,16130.0,16643.0
102,15.0,1.0,2.0,15.0,16712.0,2377.0,21066.0,7243.0,26444.0
103,15.0,1.0,2.0,14.0,5265.0,9618.0,14227.0,19092.0,24213.0
104,14.0,1.0,2.0,15.0,1493.0,23254.0,12503.0,2008.0,24537.0
105,13.0,1.0,2.0,13.0,3614.0,11295.0,19232.0,27425.0,3106.0
106,14.0,1.0,2.0,14.0,26471.0,20072.0,13929.0,8042.0,2411.0
107,13.0,1.0,2.0,13.0,12459.0,23468.0,1965.0,13486.0,25263.0
108,15.0,1.0,2.0,15.0,3321.0,1530.0,32763.0,31484.0,30461.0
109,14.0,1.0,2.0,15.0,7741.0,23358.0,6463.0,22592.0,6209.0
110,13.0,1.0,2.0,14.0,20102.0,21639.0,23432.0,25481.0,27786.0
111,13.0,1.0,2.0,13.0,20431.0,7888.0,28369.0,16338.0,4563.0
112,13.0,1.0,2.0,14.0,14611.0,19476.0,24597.0,29974.0,2839.0
113,13.0,1.0,2.0,14.0,28508.0,19293.0,10334.0,1631.0,25952.0
114,15.0,1.0,2.0,16.0,30373.0,7078.0,16807.0,26792.0,4265.0
115,13.0,1.0,2.0,13.0,20206.0,15599.0,11248.0,7153.0,3314.0
116,14.0,1.0,2.0,14.0,29746.0,9779.0,22836.0,3381.0,16950.0
117,13.0,1.0,2.0,13.0,379.0,31868.0,30845.0,30078.0,29567.0
118,15.0,1.0,2.0,14.0,24516.0,9157.0,26822.0,11975.0,30152.0
119,14.0,1.0,2.0,14.0,3853.0,7182.0,10767.0,14608.0,18705.0
120,13.0,1.0,2.0,13.0,3926.0,25943.0,15448.0,5209.0,27994.0
121,13.0,1.0,2.0,13.0,24735.0,32672.0,8097.0,16546.0,25251.0
122,14.0,1.0,2.0,15.0,744.0,27369.0,21482.0,15851.0,10476.0
123,13.0,1.0,2.0,13.0,4140.0,15405.0,26926.0,5935.0,17968.0
124,15.0,1.0,2.0,15.0,26485.0,23670.0,21111.0,18808.0,16761.0
125,12.0,1.0,2.0,13.0,4030.0,19903.0,3264.0,19649.0,3522.0
126,14.0,1.0,2.0,13.0,2311.0,4104.0,6153.0,8458.0,11019.0
127,13.0,1.0,2.0,12.0,21328.0,9041.0,29778.0,18003.0,6484.0
128,15.0,1.0,2.0,15.0,28313.0,1946.0,8603.0,15516.0,22685.0
129,15.0,1.0,2.0,14.0,32733.0,23774.0,15071.0,6624.0,31201.0
130,14.0,1.0,2.0,14.0,20518.0,30247.0,7464.0,17705.0,28202.0
131,13.0,1.0,2.0,12.0,29039.0,24688.0,20593.0,16754.0,13171.0
132,15.0,1.0,2.0,14.0,25528.0,7097.0,21690.0,3771.0,18876.0
133,14.0,1.0,2.0,14.0,9985.0,10242.0,10755.0,11524.0,12549.0
134,15.0,1.0,2.0,15.0,15178.0,1355.0,20556.0,7245.0,26958.0
135,12.0,1.0,2.0,12.0,20622.0,24207.0,28048.0,32145.0,3730.0
136,13.0,1.0,2.0,14.0,6615.0,28888.0,18649.0,8666.0,31707.0
137,13.0,1.0,2.0,13.0,13344.0,21537.0,29986.0,5923.0,14884.0
138,16.0,1.0,2.0,15.0,8041.0,2154.0,29291.0,23916.0,18797.0
139,15.0,1.0,2.0,15.0,23474.0,3507.0,16564.0,29877.0,10678.0
140,14.0,1.0,2.0,14.0,26875.0,25596.0,24573.0,23806.0,23295.0
141,13.0,1.0,2.0,13.0,18244.0,2885.0,20550.0,5703.0,23880.0
142,14.0,1.0,2.0,14.0,17544.0,19593.0,21898.0,24459.0,27276.0
143,13.0,1.0,2.0,13.0,30422.0,19671.0,9176.0,31705.0,21722.0
144,14.0,1.0,2.0,14.0,15386.0,22043.0,28956.0,3357.0,10782.0
145,13.0,1.0,2.0,13.0,29027.0,21604.0,14437.0,7526.0,871.0
146,14.0,1.0,2.0,14.0,30636.0,9133.0,20654.0,32431.0,11696.0
147,13.0,1.0,2.0,14.0,20213.0,17398.0,14839.0,12536.0,10489.0
148,16.0,1.0,2.0,15.0,20537.0,2362.0,17211.0,32316.0,14909.0
149,14.0,1.0,2.0,15.0,23682.0,24195.0,24964.0,25989.0,27270.0
150,14.0,1.0,2.0,14.0,14795.0,1228.0,20685.0,7630.0,27599.0
151,12.0,1.0,2.0,12.0,4879.0,8720.0,12817.0,17170.0,21779.0
152,13.0,1.0,2.0,14.0,9560.0,32089.0,22106.0,12379.0,2908.0
153,13.0,1.0,2.0,13.0,2209.0,10658.0,19363.0,28324.0,4773.0
154,15.0,1.0,2.0,15.0,15594.0,9963.0,4588.0,32237.0,27374.0
155,12.0,1.0,2.0,12.0,16947.0,30004.0,10549.0,24118.0,5175.0
156,14.0,1.0,2.0,14.0,6268.0,5245.0,4478.0,3967.0,3712.0
157,13.0,1.0,2.0,13.0,16325.0,1222.0,19143.0,4552.0,22985.0
158,15.0,1.0,2.0,15.0,265.0,2570.0,5131.0,7948.0,11021.0
159,14.0,1.0,2.0,14.0,23890.0,12115.0,596.0,22101.0,11094.0
160,14.0,1.0,2.0,14.0,4758.0,10391.0,16280.0,22425.0,28826.0
161,14.0,1.0,2.0,13.0,9183.0,736.0,25313.0,17378.0,9699.0
162,14.0,1.0,2.0,15.0,1576.0,11817.0,22314.0,299.0,11308.0
163,13.0,1.0,2.0,13.0,4972.0,32621.0,27758.0,23151.0,18800.0
164,15.0,1.0,2.0,15.0,10933.0,24502.0,5559.0,19640.0,1209.0
165,12.0,1.0,2.0,13.0,11257.0,9466.0,7931.0,6652.0,5629.0
166,13.0,1.0,2.0,13.0,19527.0,4936.0,23369.0,9290.0,28235.0
167,13.0,1.0,2.0,14.0,22160.0,26257.0,30610.0,2451.0,7316.0
168,14.0,1.0,2.0,15.0,980.0,22485.0,11478.0,727.0,23000.0
169,15.0,1.0,2.0,15.0,17181.0,24606.0,32287.0,7456.0,15649.0
170,14.0,1.0,2.0,14.0,21350.0,14695.0,8296.0,2153.0,29034.0
171,12.0,1.0,2.0,13.0,22698.0,683.0,11692.0,22957.0,1710.0
172,15.0,1.0,2.0,14.0,7667.0,4340.0,1269.0,31222.0,28663.0
173,13.0,1.0,2.0,14.0,13372.0,28733.0,11582.0,27455.0,10816.0
174,14.0,1.0,2.0,15.0,4480.0,4481.0,4738.0,5251.0,6020.0
175,12.0,1.0,2.0,12.0,23753.0,9674.0,28619.0,15052.0,1741.0
176,13.0,1.0,2.0,14.0,30994.0,2835.0,7700.0,12821.0,18198.0
177,12.0,1.0,2.0,13.0,26203.0,16732.0,7517.0,31326.0,22623.0
178,16.0,1.0,2.0,15.0,9380.0,18597.0,28070.0,5031.0,15016.0
179,15.0,1.0,2.0,14.0,13293.0,8430.0,3823.0,32240.0,28145.0
180,13.0,1.0,2.0,14.0,5425.0,17970.0,30771.0,11060.0,24373.0
181,13.0,1.0,2.0,13.0,22906.0,21371.0,20092.0,19069.0,18302.0
182,14.0,1.0,2.0,14.0,28355.0,12740.0,30149.0,15046.0,199.0
183,13.0,1.0,2.0,13.0,21772.0,24845.0,28174.0,31759.0,2832.0
184,14.0,1.0,2.0,15.0,29264.0,16977.0,4946.0,25939.0,14420.0
185,13.0,1.0,2.0,12.0,3481.0,9882.0,16539.0,23452.0,30621.0
186,14.0,1.0,2.0,14.0,31202.0,23523.0,16100.0,8933.0,2022.0
187,13.0,1.0,2.0,13.0,14123.0,25132.0,3629.0,15150.0,26927.0
188,15.0,1.0,2.0,15.0,17780.0,14709.0,11894.0,9335.0,7032.0
189,14.0,1.0,2.0,14.0,9405.0,25022.0,8127.0,24256.0,7873.0
190,13.0,1.0,2.0,14.0,21766.0,23303.0,25096.0,27145.0,29450.0
191,12.0,1.0,2.0,13.0,23114.0,9291.0,28492.0,15181.0,2126.0
192,14.0,1.0,2.0,14.0,16275.0,21140.0,26261.0,31638.0,4503.0
193,14.0,1.0,2.0,14.0,30172.0,20957.0,11998.0,3295.0,27616.0
194,16.0,1.0,2.0,16.0,21280.0,29473.0,5154.0,13859.0,22820.0
195,12.0,1.0,2.0,12.0,15977.0,10090.0,4459.0,31852.0,26733.0
196,14.0,1.0,2.0,15.0,31410.0,11443.0,24500.0,5045.0,18614.0
197,13.0,1.0,2.0,14.0,12278.0,9719.0,7416.0,5369.0,3578.0
198,15.0,1.0,2.0,14.0,8511.0,24640.0,8257.0,24898.0,9027.0
199,14.0,1.0,2.0,14.0,25480.0,27529.0,29834.0,32395.0,2444.0
200,13.0,1.0,2.0,13.0,28876.0,15565.0,2510.0,22479.0,9936.0
201,13.0,1.0,2.0,13.0,23322.0,29979.0,4124.0,11293.0,18718.0
202,13.0,1.0,2.0,16.0,4195.0,29540.0,22373.0,15462.0,8807.0
203,21.0,1.0,2.0,18.0,5804.0,17069.0,28590.0,7599.0,19632.0
204,8.0,1.0,2.0,6.0,28149.0,25334.0,22775.0,20472.0,18425.0
205,9.0,1.0,2.0,7.0,28473.0,10298.0,25147.0,7484.0,22845.0
206,9.0,1.0,2.0,7.0,31618.0,32131.0,132.0,1157.0,2438.0
207,10.0,1.0,2.0,8.0,22731.0,9164.0,28621.0,15566.0,2767.0
208,9.0,1.0,2.0,7.0,12815.0,16656.0,20753.0,25106.0,29715.0
209,9.0,1.0,2.0,7.0,6995.0,28244.0,16981.0,5974.0,27991.0
210,8.0,1.0,2.0,7.0,4508.0,11677.0,19102.0,26783.0,1952.0
211,8.0,1.0,2.0,7.0,22757.0,15846.0,9191.0,2792.0,29417.0
212,9.0,1.0,2.0,8.0,28974.0,7983.0,20016.0,32305.0,12082.0
213,8.0,1.0,2.0,7.0,23159.0,20856.0,18809.0,17018.0,15483.0
214,10.0,1.0,2.0,7.0,5312.0,21697.0,5570.0,22467.0,6852.0
215,9.0,1.0,2.0,7.0,516.0,1541.0,2822.0,4359.0,6152.0
216,9.0,1.0,2.0,7.0,29005.0,15950.0,3151.0,23376.0,11089.0
217,10.0,1.0,2.0,8.0,12694.0,18327.0,24216.0,30361.0,3994.0
218,8.0,1.0,2.0,7.0,30426.0,20699.0,11228.0,2013.0,25822.0
219,9.0,1.0,2.0,7.0,27683.0,3876.0,13093.0,22566.0,32295.0
220,9.0,1.0,2.0,6.0,12908.0,7789.0,2926.0,31087.0,26736.0
221,9.0,1.0,2.0,7.0,20400.0,32689.0,12466.0,25267.0,5556.0
222,9.0,1.0,2.0,8.0,19193.0,17402.0,15867.0,14588.0,13565.0
223,8.0,1.0,2.0,7.0,5954.0,22851.0,7236.0,24645.0,9542.0
224,11.0,1.0,2.0,8.0,13451.0,16268.0,19341.0,22670.0,26255.0
225,8.0,1.0,2.0,6.0,8916.0,30421.0,19414.0,8663.0,30936.0
226,8.0,1.0,2.0,7.0,25117.0,32542.0,7455.0,15392.0,23585.0
227,10.0,1.0,2.0,8.0,865.0,25698.0,18019.0,10596.0,3429.0
228,8.0,1.0,2.0,7.0,30634.0,8619.0,19628.0,30893.0,9646.0
229,9.0,1.0,2.0,7.0,15603.0,12276.0,9205.0,6390.0,3831.0
230,9.0,1.0,2.0,7.0,21308.0,3901.0,19518.0,2623.0,18752.0
231,9.0,1.0,2.0,7.0,12416.0,12417.0,12674.0,13187.0,13956.0
232,10.0,1.0,2.0,8.0,31689.0,17610.0,3787.0,22988.0,9677.0
233,7.0,1.0,2.0,7.0,6162.0,10771.0,15636.0,20757.0,26134.0
234,8.0,1.0,2.0,7.0,19798.0,9047.0,31320.0,21081.0,11098.0
235,9.0,1.0,2.0,6.0,7839.0,15776.0,23969.0,32418.0,8355.0
236,8.0,1.0,2.0,7.0,16616.0,10473.0,4586.0,31723.0,26348.0
237,9.0,1.0,2.0,8.0,13361.0,25906.0,5939.0,18996.0,32309.0
238,9.0,1.0,2.0,7.0,30842.0,29307.0,28028.0,27005.0,26238.0
239,9.0,1.0,2.0,8.0,3523.0,20676.0,5317.0,22982.0,8135.0
240,10.0,1.0,2.0,8.0,18183.0,19976.0,22025.0,24330.0,26891.0
241,8.0,1.0,2.0,7.0,4432.0,24913.0,12882.0,1107.0,22356.0
242,9.0,1.0,2.0,8.0,11417.0,17818.0,24475.0,31388.0,5789.0
243,7.0,1.0,2.0,7.0,6370.0,31459.0,24036.0,16869.0,9958.0
244,9.0,1.0,2.0,7.0,3622.0,13351.0,23336.0,809.0,11306.0
245,8.0,1.0,2.0,6.0,12143.0,7792.0,3697.0,32626.0,29043.0
246,10.0,1.0,2.0,7.0,8632.0,22969.0,4794.0,19643.0,1980.0
247,10.0,1.0,2.0,8.0,28412.0,27389.0,26622.0,26111.0,25856.0
248,10.0,1.0,2.0,8.0,5701.0,23366.0,8519.0,26696.0,12361.0
249,8.0,1.0,2.0,7.0,3726.0,7311.0,11152.0,15249.0,19602.0
250,8.0,1.0,2.0,6.0,22487.0,11992.0,1753.0,24538.0,14811.0
251,8.0,1.0,2.0,7.0,29216.0,4641.0,13090.0,21795.0,30756.0
252,10.0,1.0,2.0,8.0,24420.0,17253.0,10342.0,3687.0,30056.0
253,8.0,1.0,2.0,7.0,11949.0,23470.0,2479.0,14512.0,26801.0
254,8.0,1.0,2.0,7.0,4081.0,242.0,29427.0,26100.0,23029.0
255,10.0,1.0,2.0,7.0,5178.0,20027.0,2364.0,17725.0,574.0
256,9.0,1.0,2.0,7.0,27011.0,27780.0,28805.0,30086.0,31623.0
257,9.0,1.0,2.0,8.0,8903.0,27080.0,12745.0,31434.0,17611.0
258,8.0,1.0,2.0,6.0,11536.0,15633.0,19986.0,24595.0,29460.0
259,9.0,1.0,2.0,7.0,20318.0,11615.0,3168.0,27745.0,19810.0
260,8.0,1.0,2.0,7.0,26791.0,4008.0,14249.0,24746.0,2731.0
261,8.0,1.0,2.0,7.0,12779.0,7404.0,2285.0,30190.0,25583.0
262,10.0,1.0,2.0,8.0,52.0,13365.0,26934.0,7991.0,22072.0
263,9.0,1.0,2.0,7.0,8061.0,7294.0,6783.0,6528.0,6529.0
264,9.0,1.0,2.0,7.0,4038.0,21959.0,7368.0,25801.0,11722.0
265,8.0,1.0,2.0,7.0,5386.0,7947.0,10764.0,13837.0,17166.0
266,9.0,1.0,2.0,7.0,14931.0,3412.0,24917.0,13910.0,3159.0
267,10.0,1.0,2.0,8.0,12444.0,19613.0,27038.0,1951.0,9888.0
268,8.0,1.0,2.0,7.0,30693.0,23782.0,17127.0,10728.0,4585.0
269,8.0,1.0,2.0,7.0,4142.0,15919.0,27952.0,7473.0,20018.0
270,9.0,1.0,2.0,7.0,13682.0,10099.0,6772.0,3701.0,886.0
271,9.0,1.0,2.0,7.0,13248.0,29633.0,13506.0,30403.0,14788.0
272,11.0,1.0,2.0,8.0,16137.0,18442.0,21003.0,23820.0,26893.0
273,8.0,1.0,2.0,7.0,6994.0,27987.0,16468.0,5205.0,26966.0
274,8.0,1.0,2.0,7.0,20630.0,26263.0,32152.0,5529.0,11930.0
275,9.0,1.0,2.0,6.0,25055.0,16608.0,8417.0,482.0,25571.0
276,8.0,1.0,2.0,7.0,17448.0,27689.0,5418.0,16171.0,27180.0
277,9.0,1.0,2.0,8.0,20844.0,15725.0,10862.0,6255.0,1904.0
278,8.0,1.0,2.0,7.0,26805.0,7606.0,21431.0,2744.0,17081.0
279,10.0,1.0,2.0,7.0,20734.0,20223.0,19968.0,19969.0,20226.0
280,11.0,1.0,2.0,8.0,2631.0,20808.0,6473.0,25162.0,11339.0
281,8.0,1.0,2.0,7.0,5264.0,9361.0,13714.0,18323.0,23188.0
282,9.0,1.0,2.0,8.0,28633.0,18650.0,8923.0,32220.0,23005.0
283,8.0,1.0,2.0,7.0,7202.0,15907.0,24868.0,1317.0,10790.0
284,9.0,1.0,2.0,7.0,6507.0,1132.0,28781.0,23918.0,19311.0
285,8.0,1.0,2.0,6.0,29359.0,8624.0,20913.0,690.0,13491.0
286,9.0,1.0,2.0,7.0,9464.0,7417.0,5626.0,4091.0,2812.0
287,10.0,1.0,2.0,8.0,10305.0,26946.0,11075.0,28228.0,12869.0
288,10.0,1.0,2.0,8.0,22917.0,24198.0,25735.0,27528.0,29577.0
289,8.0,1.0,2.0,7.0,4558.0,24527.0,11984.0,32465.0,20434.0
290,8.0,1.0,2.0,6.0,6935.0,12824.0,18969.0,25370.0,32027.0
291,8.0,1.0,2.0,7.0,30048.0,21857.0,13922.0,6243.0,31588.0
292,10.0,1.0,2.0,8.0,25252.0,1701.0,11174.0,20903.0,30888.0
293,8.0,1.0,2.0,7.0,29165.0,24302.0,19695.0,15344.0,11249.0
294,9.0,1.0,2.0,7.0,21046.0,2103.0,16184.0,30521.0,12346.0
295,10.0,1.0,2.0,7.0,895.0,640.0,641.0,898.0,1411.0
296,11.0,1.0,2.0,7.0,1480.0,19913.0,5834.0,24779.0,11212.0
297,9.0,1.0,2.0,8.0,4876.0,7949.0,11278.0,14863.0,18704.0
298,7.0,1.0,2.0,7.0,19029.0,8022.0,30039.0,19544.0,9305.0
299,9.0,1.0,2.0,7.0,21150.0,28831.0,4000.0,12193.0,20642.0
300,8.0,1.0,2.0,6.0,14306.0,6627.0,31972.0,24805.0,17894.0
301,9.0,1.0,2.0,7.0,29995.0,8236.0,19501.0,31022.0,10031.0
302,9.0,1.0,2.0,8.0,884.0,30581.0,27766.0,25207.0,22904.0
303,21.0,1.0,2.0,24.0,25277.0,8126.0,23999.0,7360.0,23745.0
304,0.0,1.0,2.0,5.0,1025.0,1282.0,1795.0,2564.0,3589.0
305,-16.0,1.0,2.0,-11.0,6218.0,25163.0,11596.0,31053.0,17998.0
306,-15.0,1.0,2.0,-9.0,32147.0,4244.0,9365.0,14742.0,20375.0
307,-17.0,1.0,2.0,-14.0,13276.0,4061.0,27870.0,19167.0,10720.0
308,-17.0,1.0,2.0,-13.0,15141.0,24614.0,1575.0,11560.0,21801.0
309,-16.0,1.0,2.0,-15.0,4974.0,367.0,28784.0,24689.0,20850.0
310,-18.0,1.0,2.0,-15.0,14514.0,27315.0,7604.0,20917.0,1718.0
311,-19.0,1.0,2.0,-16.0,17915.0,16636.0,15613.0,14846.0,14335.0
312,-23.0,1.0,2.0,-17.0,9284.0,26693.0,11590.0,29511.0,14920.0
313,-15.0,1.0,2.0,-12.0,21389.0,24718.0,28303.0,32144.0,3473.0
314,-16.0,1.0,2.0,-13.0,13521.0,1490.0,22483.0,10964.0,32469.0
315,-16.0,1.0,2.0,-14.0,6426.0,13083.0,19996.0,27165.0,1822.0
316,-17.0,1.0,2.0,-14.0,20067.0,12644.0,5477.0,31334.0,24679.0
317,-18.0,1.0,2.0,-15.0,21676.0,173.0,11694.0,23471.0,2736.0
318,-18.0,1.0,2.0,-16.0,11253.0,8438.0,5879.0,3576.0,1529.0
319,-21.0,1.0,2.0,-17.0,21566.0,4671.0,20800.0,4417.0,21058.0
320,-21.0,1.0,2.0,-17.0,19847.0,21640.0,23689.0,25994.0,28555.0
321,-16.0,1.0,2.0,-12.0,5835.0,25036.0,11725.0,31438.0,18639.0
322,-15.0,1.0,2.0,-13.0,17684.0,22805.0,28182.0,1047.0,6936.0
323,-16.0,1.0,2.0,-14.0,17501.0,8542.0,32607.0,24160.0,15969.0
324,-16.0,1.0,2.0,-15.0,26017.0,1698.0,10403.0,19364.0,28581.0
325,-18.0,1.0,2.0,-15.0,6634.0,1003.0,28396.0,23277.0,18414.0
326,-20.0,1.0,2.0,-15.0,7987.0,21044.0,1589.0,15158.0,28983.0
327,-18.0,1.0,2.0,-15.0,6263.0,3960.0,1913.0,122.0,31355.0
328,-21.0,1.0,2.0,-16.0,21184.0,4801.0,21442.0,5571.0,22724.0
329,-16.0,1.0,2.0,-12.0,5390.0,8975.0,12816.0,16913.0,21266.0
330,-17.0,1.0,2.0,-14.0,14930.0,3155.0,24404.0,13141.0,2134.0
331,-16.0,1.0,2.0,-13.0,26523.0,668.0,7837.0,15262.0,22943.0
332,-16.0,1.0,2.0,-15.0,26084.0,18917.0,12006.0,5351.0,31720.0
333,-18.0,1.0,2.0,-15.0,13613.0,25134.0,4143.0,16176.0,28465.0
334,-21.0,1.0,2.0,-16.0,5745.0,1906.0,31091.0,27764.0,24693.0
335,-20.0,1.0,2.0,-17.0,6842.0,21691.0,4028.0,19389.0,2238.0
336,-20.0,1.0,2.0,-17.0,28675.0,29444.0,30469.0,31750.0,519.0
337,-16.0,1.0,2.0,-13.0,5708.0,25165.0,12110.0,32079.0,19536.0
338,-16.0,1.0,2.0,-13.0,13200.0,17297.0,21650.0,26259.0,31124.0
339,-18.0,1.0,2.0,-14.0,3801.0,26586.0,16859.0,7388.0,30941.0
340,-17.0,1.0,2.0,-14.0,15138.0,23843.0,36.0,9253.0,18726.0
341,-16.0,1.0,2.0,-14.0,14443.0,9068.0,3949.0,31854.0,27247.0
342,-18.0,1.0,2.0,-16.0,1716.0,15029.0,28598.0,9655.0,23736.0
343,-19.0,1.0,2.0,-16.0,17400.0,15353.0,13562.0,12027.0,10748.0
344,-19.0,1.0,2.0,-17.0,18241.0,2114.0,19011.0,3396.0,20805.0
345,-15.0,1.0,2.0,-12.0,7050.0,9611.0,12428.0,15501.0,18830.0
346,-17.0,1.0,2.0,-12.0,16595.0,5076.0,26581.0,15574.0,4823.0
347,-16.0,1.0,2.0,-13.0,14108.0,21277.0,28702.0,3615.0,11552.0
348,-16.0,1.0,2.0,-14.0,32357.0,25446.0,18791.0,12392.0,6249.0
349,-18.0,1.0,2.0,-15.0,16297.0,26794.0,4779.0,15788.0,27053.0
350,-20.0,1.0,2.0,-16.0,15346.0,11763.0,8436.0,5365.0,2550.0
351,-18.0,1.0,2.0,-16.0,28982.0,10039.0,24120.0,5689.0,20282.0
352,-22.0,1.0,2.0,-17.0,8831.0,8576.0,8577.0,8834.0,9347.0
353,-16.0,1.0,2.0,-13.0,9416.0,27849.0,13770.0,32715.0,19148.0
354,-16.0,1.0,2.0,-14.0,30737.0,2322.0,6931.0,11796.0,16917.0
355,-17.0,1.0,2.0,-13.0,7258.0,30299.0,20828.0,11613.0,2654.0
356,-18.0,1.0,2.0,-14.0,4515.0,13476.0,22693.0,32166.0,9127.0
357,-18.0,1.0,2.0,-15.0,19175.0,12776.0,6633.0,746.0,27883.0
358,-20.0,1.0,2.0,-15.0,30000.0,9521.0,22066.0,2099.0,15156.0
359,-21.0,1.0,2.0,-17.0,28793.0,27002.0,25467.0,24188.0,23165.0
360,-23.0,1.0,2.0,-17.0,15554.0,32451.0,16836.0,1477.0,19142.0
361,-14.0,1.0,2.0,-12.0,12806.0,14343.0,16136.0,18185.0,20490.0
362,-16.0,1.0,2.0,-13.0,13135.0,592.0,21073.0,9042.0,30035.0
363,-17.0,1.0,2.0,-13.0,1432.0,7577.0,13978.0,20635.0,27548.0
364,-17.0,1.0,2.0,-15.0,10465.0,2530.0,27619.0,20196.0,13029.0
365,-19.0,1.0,2.0,-15.0,7466.0,18219.0,29228.0,7725.0,19246.0
366,-20.0,1.0,2.0,-15.0,12910.0,8303.0,3952.0,32625.0,28786.0
367,-19.0,1.0,2.0,-16.0,23479.0,4792.0,19129.0,954.0,15803.0
368,-22.0,1.0,2.0,-16.0,22016.0,22017.0,22274.0,22787.0,23556.0
369,-15.0,1.0,2.0,-12.0,8521.0,27210.0,13387.0,32588.0,19277.0
370,-15.0,1.0,2.0,-13.0,29325.0,32654.0,3471.0,7312.0,11409.0
371,-16.0,1.0,2.0,-13.0,29398.0,18647.0,8152.0,30681.0,20698.0
372,-16.0,1.0,2.0,-14.0,17439.0,25376.0,801.0,9250.0,17955.0
373,-19.0,1.0,2.0,-15.0,26216.0,20073.0,14186.0,8555.0,3180.0
374,-20.0,1.0,2.0,-16.0,22961.0,2738.0,15539.0,28596.0,9141.0
375,-22.0,1.0,2.0,-16.0,19189.0,16374.0,13815.0,11512.0,9465.0
376,-19.0,1.0,2.0,-16.0,29502.0,12607.0,28736.0,12353.0,28994.0
377,-14.0,1.0,2.0,-13.0,27783.0,29576.0,31625.0,1162.0,3723.0
378,-16.0,1.0,2.0,-13.0,14032.0,1745.0,22482.0,10707.0,31956.0
379,-15.0,1.0,2.0,-14.0,21017.0,27418.0,1307.0,8220.0,15389.0
380,-18.0,1.0,2.0,-14.0,25437.0,16478.0,7775.0,32096.0,23905.0
381,-16.0,1.0,2.0,-14.0,13222.0,22951.0,168.0,10409.0,20906.0
382,-18.0,1.0,2.0,-15.0,14570.0,8939.0,3564.0,31213.0,26350.0
383,-21.0,1.0,2.0,-16.0,15923.0,28980.0,9525.0,23094.0,4151.0
384,-22.0,1.0,2.0,-18.0,5244.0,4221.0,3454.0,2943.0,2688.0
385,-15.0,1.0,2.0,-13.0,15301.0,198.0,18119.0,3528.0,21961.0
386,-16.0,1.0,2.0,-13.0,32009.0,1546.0,4107.0,6924.0,9997.0
387,-16.0,1.0,2.0,-14.0,22866.0,11091.0,32340.0,21077.0,10070.0
388,-16.0,1.0,2.0,-14.0,1691.0,8604.0,15773.0,23198.0,30879.0
389,-18.0,1.0,2.0,-15.0,1252.0,26853.0,19942.0,13287.0,6888.0
390,-19.0,1.0,2.0,-16.0,552.0,10793.0,21290.0,32043.0,10284.0
391,-19.0,1.0,2.0,-16.0,13681.0,9842.0,6259.0,2932.0,32629.0
392,-12.0,1.0,2.0,-16.0,14778.0,29627.0,11964.0,27325.0,10174.0
